,sample,energy,num_occurrences,chain_break_fraction
0,"{3: 1, 4: 0, '3*4': 0, 0: 1, 2: 0, '0*2': 0, 1: 0, '1*2': 0, '1*0*2': 0, 5: 0, '0*5': 0, '0*3': 1}",-18.096000000000004,71,0.0
1,"{3: 1, 4: 1, '3*4': 1, 0: 1, 2: 0, '0*2': 0, 1: 0, '1*2': 0, '1*0*2': 0, 5: 0, '0*5': 0, '0*3': 1}",-18.096000000000004,67,0.0
2,"{3: 1, 4: 0, '3*4': 0, 0: 1, 2: 1, '0*2': 1, 1: 0, '1*2': 0, '1*0*2': 0, 5: 0, '0*5': 0, '0*3': 1}",-18.096000000000004,74,0.0
3,"{3: 1, 4: 0, '3*4': 0, 0: 1, 2: 1, '0*2': 1, 1: 0, '1*2': 0, '1*0*2': 0, 5: 1, '0*5': 1, '0*3': 1}",-18.096000000000004,63,0.0
4,"{3: 1, 4: 0, '3*4': 0, 0: 1, 2: 0, '0*2': 0, 1: 0, '1*2': 0, '1*0*2': 0, 5: 1, '0*5': 1, '0*3': 1}",-18.096000000000004,55,0.0
5,"{3: 1, 4: 1, '3*4': 1, 0: 1, 2: 0, '0*2': 0, 1: 0, '1*2': 0, '1*0*2': 0, 5: 1, '0*5': 1, '0*3': 1}",-18.096000000000004,46,0.0
6,"{3: 1, 4: 1, '3*4': 1, 0: 1, 2: 0, '0*2': 0, 1: 1, '1*2': 0, '1*0*2': 0, 5: 0, '0*5': 0, '0*3': 1}",-18.021000000000004,67,0.0
7,"{3: 1, 4: 0, '3*4': 0, 0: 1, 2: 0, '0*2': 0, 1: 1, '1*2': 0, '1*0*2': 0, 5: 0, '0*5': 0, '0*3': 1}",-18.021000000000004,66,0.0
8,"{3: 0, 4: 0, '3*4': 0, 0: 1, 2: 0, '0*2': 0, 1: 1, '1*2': 0, '1*0*2': 0, 5: 1, '0*5': 1, '0*3': 0}",-18.021,92,0.0
9,"{3: 0, 4: 0, '3*4': 0, 0: 1, 2: 0, '0*2': 0, 1: 0, '1*2': 0, '1*0*2': 0, 5: 0, '0*5': 0, '0*3': 0}",-18.021000000000004,82,0.0
10,"{3: 0, 4: 1, '3*4': 0, 0: 1, 2: 0, '0*2': 0, 1: 1, '1*2': 0, '1*0*2': 0, 5: 0, '0*5': 0, '0*3': 0}",-18.021,116,0.0
11,"{3: 0, 4: 0, '3*4': 0, 0: 1, 2: 0, '0*2': 0, 1: 1, '1*2': 0, '1*0*2': 0, 5: 0, '0*5': 0, '0*3': 0}",-18.021,95,0.0
12,"{3: 1, 4: 0, '3*4': 0, 0: 1, 2: 0, '0*2': 0, 1: 1, '1*2': 0, '1*0*2': 0, 5: 1, '0*5': 1, '0*3': 1}",-18.021000000000004,60,0.0
13,"{3: 0, 4: 0, '3*4': 0, 0: 1, 2: 1, '0*2': 1, 1: 0, '1*2': 0, '1*0*2': 0, 5: 0, '0*5': 0, '0*3': 0}",-18.021000000000004,82,0.0
14,"{3: 1, 4: 1, '3*4': 1, 0: 1, 2: 1, '0*2': 1, 1: 0, '1*2': 0, '1*0*2': 0, 5: 1, '0*5': 1, '0*3': 1}",-18.021,49,0.0
15,"{3: 1, 4: 1, '3*4': 1, 0: 1, 2: 0, '0*2': 0, 1: 1, '1*2': 0, '1*0*2': 0, 5: 1, '0*5': 1, '0*3': 1}",-18.021000000000004,42,0.0
16,"{3: 0, 4: 0, '3*4': 0, 0: 1, 2: 1, '0*2': 1, 1: 0, '1*2': 0, '1*0*2': 0, 5: 1, '0*5': 1, '0*3': 0}",-18.021000000000004,104,0.0
17,"{3: 1, 4: 0, '3*4': 0, 0: 1, 2: 1, '0*2': 1, 1: 1, '1*2': 1, '1*0*2': 1, 5: 0, '0*5': 0, '0*3': 1}",-18.021000000000004,89,0.0
18,"{3: 1, 4: 1, '3*4': 1, 0: 1, 2: 1, '0*2': 1, 1: 0, '1*2': 0, '1*0*2': 0, 5: 0, '0*5': 0, '0*3': 1}",-18.021000000000004,81,0.0
19,"{3: 0, 4: 0, '3*4': 0, 0: 1, 2: 1, '0*2': 1, 1: 1, '1*2': 1, '1*0*2': 1, 5: 1, '0*5': 1, '0*3': 0}",-18.021,90,0.0
20,"{3: 0, 4: 1, '3*4': 0, 0: 1, 2: 0, '0*2': 0, 1: 0, '1*2': 0, '1*0*2': 0, 5: 0, '0*5': 0, '0*3': 0}",-18.021000000000004,84,0.0
21,"{3: 0, 4: 0, '3*4': 0, 0: 1, 2: 1, '0*2': 1, 1: 1, '1*2': 1, '1*0*2': 1, 5: 0, '0*5': 0, '0*3': 0}",-18.021,120,0.0
22,"{3: 0, 4: 0, '3*4': 0, 0: 1, 2: 0, '0*2': 0, 1: 0, '1*2': 0, '1*0*2': 0, 5: 1, '0*5': 1, '0*3': 0}",-18.021000000000004,90,0.0
23,"{3: 1, 4: 0, '3*4': 0, 0: 1, 2: 1, '0*2': 1, 1: 1, '1*2': 1, '1*0*2': 1, 5: 1, '0*5': 1, '0*3': 1}",-18.021000000000004,62,0.0
24,"{3: 0, 4: 1, '3*4': 0, 0: 1, 2: 0, '0*2': 0, 1: 1, '1*2': 0, '1*0*2': 0, 5: 1, '0*5': 1, '0*3': 0}",-17.946,89,0.0
25,"{3: 0, 4: 1, '3*4': 0, 0: 1, 2: 1, '0*2': 1, 1: 1, '1*2': 1, '1*0*2': 1, 5: 0, '0*5': 0, '0*3': 0}",-17.946000000000005,144,0.0
26,"{3: 0, 4: 1, '3*4': 0, 0: 1, 2: 1, '0*2': 1, 1: 0, '1*2': 0, '1*0*2': 0, 5: 0, '0*5': 0, '0*3': 0}",-17.946000000000005,90,0.0
27,"{3: 0, 4: 1, '3*4': 0, 0: 1, 2: 0, '0*2': 0, 1: 0, '1*2': 0, '1*0*2': 0, 5: 1, '0*5': 1, '0*3': 0}",-17.946000000000005,65,0.0
28,"{3: 1, 4: 1, '3*4': 1, 0: 1, 2: 1, '0*2': 1, 1: 1, '1*2': 1, '1*0*2': 1, 5: 1, '0*5': 1, '0*3': 1}",-17.871,52,0.0
29,"{3: 1, 4: 1, '3*4': 1, 0: 1, 2: 1, '0*2': 1, 1: 1, '1*2': 1, '1*0*2': 1, 5: 0, '0*5': 0, '0*3': 1}",-17.871000000000002,86,0.0
30,"{3: 0, 4: 1, '3*4': 0, 0: 1, 2: 1, '0*2': 1, 1: 1, '1*2': 1, '1*0*2': 1, 5: 1, '0*5': 1, '0*3': 0}",-17.871000000000006,106,0.0
31,"{3: 0, 4: 1, '3*4': 0, 0: 1, 2: 1, '0*2': 1, 1: 0, '1*2': 0, '1*0*2': 0, 5: 1, '0*5': 1, '0*3': 0}",-17.871000000000006,86,0.0
32,"{3: 1, 4: 1, '3*4': 1, 0: 1, 2: 1, '0*2': 0, 1: 1, '1*2': 1, '1*0*2': 0, 5: 0, '0*5': 0, '0*3': 1}",-16.121000000000006,34,0.0
33,"{3: 1, 4: 1, '3*4': 1, 0: 1, 2: 1, '0*2': 0, 1: 1, '1*2': 1, '1*0*2': 0, 5: 1, '0*5': 1, '0*3': 1}",-16.121000000000006,16,0.0
34,"{3: 0, 4: 1, '3*4': 0, 0: 1, 2: 1, '0*2': 0, 1: 1, '1*2': 1, '1*0*2': 0, 5: 0, '0*5': 0, '0*3': 0}",-14.146000000000004,26,0.0
35,"{3: 0, 4: 1, '3*4': 0, 0: 1, 2: 1, '0*2': 0, 1: 1, '1*2': 1, '1*0*2': 0, 5: 1, '0*5': 1, '0*3': 0}",-14.071000000000005,14,0.0
36,"{3: 0, 4: 1, '3*4': 0, 0: 0, 2: 1, '0*2': 0, 1: 1, '1*2': 1, '1*0*2': 0, 5: 0, '0*5': 0, '0*3': 0}",-12.325000000000003,20,0.0
37,"{3: 1, 4: 0, '3*4': 1, 0: 1, 2: 0, '0*2': 0, 1: 0, '1*2': 0, '1*0*2': 0, 5: 1, '0*5': 1, '0*3': 1}",-12.221000000000004,2,0.0
38,"{3: 1, 4: 0, '3*4': 1, 0: 1, 2: 1, '0*2': 1, 1: 0, '1*2': 0, '1*0*2': 0, 5: 1, '0*5': 1, '0*3': 1}",-12.221000000000004,2,0.0
39,"{3: 1, 4: 0, '3*4': 0, 0: 1, 2: 1, '0*2': 0, 1: 1, '1*2': 1, '1*0*2': 0, 5: 0, '0*5': 0, '0*3': 1}",-12.171000000000003,13,0.0
40,"{3: 0, 4: 0, '3*4': 0, 0: 1, 2: 1, '0*2': 0, 1: 1, '1*2': 1, '1*0*2': 0, 5: 0, '0*5': 0, '0*3': 0}",-12.171000000000006,3,0.0
41,"{3: 1, 4: 0, '3*4': 0, 0: 1, 2: 1, '0*2': 0, 1: 1, '1*2': 1, '1*0*2': 0, 5: 1, '0*5': 1, '0*3': 1}",-12.171000000000003,2,0.0
42,"{3: 0, 4: 0, '3*4': 0, 0: 1, 2: 1, '0*2': 0, 1: 1, '1*2': 1, '1*0*2': 0, 5: 1, '0*5': 1, '0*3': 0}",-12.171000000000006,3,0.0
43,"{3: 1, 4: 0, '3*4': 1, 0: 1, 2: 1, '0*2': 1, 1: 0, '1*2': 0, '1*0*2': 0, 5: 0, '0*5': 0, '0*3': 1}",-12.146000000000008,7,0.0
44,"{3: 1, 4: 0, '3*4': 1, 0: 1, 2: 0, '0*2': 0, 1: 0, '1*2': 0, '1*0*2': 0, 5: 0, '0*5': 0, '0*3': 1}",-12.146000000000004,1,0.0
45,"{3: 1, 4: 0, '3*4': 1, 0: 1, 2: 0, '0*2': 0, 1: 1, '1*2': 0, '1*0*2': 0, 5: 1, '0*5': 1, '0*3': 1}",-12.146000000000004,5,0.0
46,"{3: 0, 4: 1, '3*4': 1, 0: 1, 2: 0, '0*2': 0, 1: 1, '1*2': 0, '1*0*2': 0, 5: 0, '0*5': 0, '0*3': 0}",-12.071000000000007,6,0.0
47,"{3: 1, 4: 0, '3*4': 1, 0: 1, 2: 0, '0*2': 0, 1: 1, '1*2': 0, '1*0*2': 0, 5: 0, '0*5': 0, '0*3': 1}",-12.071000000000002,3,0.0
48,"{3: 0, 4: 1, '3*4': 1, 0: 1, 2: 0, '0*2': 0, 1: 0, '1*2': 0, '1*0*2': 0, 5: 0, '0*5': 0, '0*3': 0}",-12.071000000000005,7,0.0
49,"{3: 0, 4: 1, '3*4': 1, 0: 1, 2: 0, '0*2': 0, 1: 0, '1*2': 0, '1*0*2': 0, 5: 1, '0*5': 1, '0*3': 0}",-12.071000000000005,4,0.0
50,"{3: 0, 4: 1, '3*4': 1, 0: 1, 2: 0, '0*2': 0, 1: 1, '1*2': 0, '1*0*2': 0, 5: 1, '0*5': 1, '0*3': 0}",-12.071000000000005,5,0.0
51,"{3: 1, 4: 0, '3*4': 1, 0: 1, 2: 1, '0*2': 1, 1: 1, '1*2': 1, '1*0*2': 1, 5: 1, '0*5': 1, '0*3': 1}",-12.071000000000009,1,0.0
52,"{3: 1, 4: 1, '3*4': 1, 0: 1, 2: 0, '0*2': 0, 1: 1, '1*2': 1, '1*0*2': 0, 5: 1, '0*5': 1, '0*3': 1}",-12.046000000000003,2,0.0
53,"{3: 1, 4: 1, '3*4': 1, 0: 1, 2: 1, '0*2': 1, 1: 0, '1*2': 1, '1*0*2': 0, 5: 1, '0*5': 1, '0*3': 1}",-12.046000000000006,3,0.0
54,"{3: 0, 4: 1, '3*4': 1, 0: 1, 2: 1, '0*2': 1, 1: 0, '1*2': 0, '1*0*2': 0, 5: 0, '0*5': 0, '0*3': 0}",-11.996000000000006,3,0.0
55,"{3: 1, 4: 0, '3*4': 1, 0: 1, 2: 1, '0*2': 1, 1: 1, '1*2': 1, '1*0*2': 1, 5: 0, '0*5': 0, '0*3': 1}",-11.996000000000013,9,0.0
56,"{3: 0, 4: 1, '3*4': 1, 0: 1, 2: 1, '0*2': 1, 1: 0, '1*2': 0, '1*0*2': 0, 5: 1, '0*5': 1, '0*3': 0}",-11.996000000000006,9,0.0
57,"{3: 1, 4: 1, '3*4': 1, 0: 1, 2: 1, '0*2': 1, 1: 1, '1*2': 1, '1*0*2': 0, 5: 1, '0*5': 1, '0*3': 1}",-11.971,1,0.0
58,"{3: 0, 4: 1, '3*4': 1, 0: 1, 2: 1, '0*2': 1, 1: 1, '1*2': 1, '1*0*2': 1, 5: 0, '0*5': 0, '0*3': 0}",-11.921000000000003,6,0.0
59,"{3: 0, 4: 1, '3*4': 1, 0: 1, 2: 1, '0*2': 1, 1: 1, '1*2': 1, '1*0*2': 1, 5: 1, '0*5': 1, '0*3': 0}",-11.921000000000003,7,0.0
60,"{3: 0, 4: 0, '3*4': 0, 0: 0, 2: 1, '0*2': 0, 1: 1, '1*2': 1, '1*0*2': 0, 5: 0, '0*5': 0, '0*3': 0}",-10.3,3,0.0
61,"{3: 0, 4: 1, '3*4': 1, 0: 1, 2: 1, '0*2': 0, 1: 1, '1*2': 1, '1*0*2': 0, 5: 0, '0*5': 0, '0*3': 0}",-10.171000000000006,2,0.0
62,"{3: 0, 4: 1, '3*4': 1, 0: 1, 2: 1, '0*2': 0, 1: 1, '1*2': 1, '1*0*2': 0, 5: 1, '0*5': 1, '0*3': 0}",-10.171000000000006,1,0.0
63,"{3: 0, 4: 1, '3*4': 0, 0: 0, 2: 1, '0*2': 0, 1: 1, '1*2': 1, '1*0*2': 0, 5: 1, '0*5': 0, '0*3': 0}",-10.150000000000002,8,0.0
64,"{3: 1, 4: 0, '3*4': 0, 0: 1, 2: 0, '0*2': 1, 1: 0, '1*2': 0, '1*0*2': 0, 5: 1, '0*5': 1, '0*3': 1}",-10.146,5,0.0
65,"{3: 1, 4: 0, '3*4': 0, 0: 1, 2: 1, '0*2': 1, 1: 0, '1*2': 1, '1*0*2': 0, 5: 1, '0*5': 1, '0*3': 1}",-10.146,8,0.0
66,"{3: 1, 4: 1, '3*4': 1, 0: 1, 2: 1, '0*2': 0, 1: 0, '1*2': 0, '1*0*2': 0, 5: 0, '0*5': 0, '0*3': 1}",-10.071000000000005,1,0.0
67,"{3: 1, 4: 1, '3*4': 1, 0: 1, 2: 0, '0*2': 0, 1: 1, '1*2': 0, '1*0*2': 0, 5: 0, '0*5': 0, '0*3': 0}",-10.071000000000003,1,0.0
68,"{3: 1, 4: 1, '3*4': 1, 0: 1, 2: 0, '0*2': 0, 1: 1, '1*2': 0, '1*0*2': 0, 5: 1, '0*5': 1, '0*3': 0}",-10.071000000000005,2,0.0
69,"{3: 0, 4: 0, '3*4': 0, 0: 1, 2: 0, '0*2': 0, 1: 1, '1*2': 1, '1*0*2': 0, 5: 1, '0*5': 1, '0*3': 0}",-10.071000000000002,2,0.0
70,"{3: 0, 4: 0, '3*4': 0, 0: 1, 2: 0, '0*2': 1, 1: 0, '1*2': 0, '1*0*2': 0, 5: 1, '0*5': 1, '0*3': 0}",-10.071000000000005,3,0.0
71,"{3: 0, 4: 0, '3*4': 0, 0: 1, 2: 1, '0*2': 1, 1: 1, '1*2': 1, '1*0*2': 0, 5: 1, '0*5': 1, '0*3': 0}",-10.071000000000002,5,0.0
72,"{3: 1, 4: 0, '3*4': 0, 0: 1, 2: 1, '0*2': 1, 1: 1, '1*2': 1, '1*0*2': 1, 5: 0, '0*5': 0, '0*3': 0}",-10.071000000000005,1,0.0
73,"{3: 1, 4: 0, '3*4': 0, 0: 1, 2: 1, '0*2': 1, 1: 1, '1*2': 1, '1*0*2': 1, 5: 1, '0*5': 1, '0*3': 0}",-10.071000000000005,4,0.0
74,"{3: 1, 4: 0, '3*4': 0, 0: 1, 2: 1, '0*2': 1, 1: 1, '1*2': 1, '1*0*2': 0, 5: 1, '0*5': 1, '0*3': 1}",-10.071000000000009,2,0.0
75,"{3: 0, 4: 0, '3*4': 0, 0: 1, 2: 1, '0*2': 1, 1: 0, '1*2': 1, '1*0*2': 0, 5: 1, '0*5': 1, '0*3': 0}",-10.071000000000005,5,0.0
76,"{3: 1, 4: 1, '3*4': 1, 0: 1, 2: 0, '0*2': 0, 1: 1, '1*2': 1, '1*0*2': 0, 5: 0, '0*5': 0, '0*3': 1}",-9.996000000000006,3,0.0
77,"{3: 0, 4: 1, '3*4': 0, 0: 1, 2: 0, '0*2': 0, 1: 1, '1*2': 1, '1*0*2': 0, 5: 1, '0*5': 1, '0*3': 0}",-9.996000000000002,2,0.0
78,"{3: 1, 4: 1, '3*4': 1, 0: 1, 2: 1, '0*2': 1, 1: 0, '1*2': 1, '1*0*2': 0, 5: 0, '0*5': 0, '0*3': 1}",-9.996000000000006,2,0.0
79,"{3: 0, 4: 1, '3*4': 0, 0: 1, 2: 0, '0*2': 0, 1: 1, '1*2': 0, '1*0*2': 0, 5: 1, '0*5': 0, '0*3': 0}",-9.946000000000002,2,0.0
80,"{3: 0, 4: 1, '3*4': 0, 0: 1, 2: 0, '0*2': 0, 1: 0, '1*2': 0, '1*0*2': 0, 5: 1, '0*5': 0, '0*3': 0}",-9.946000000000005,1,0.0
81,"{3: 1, 4: 1, '3*4': 1, 0: 1, 2: 1, '0*2': 1, 1: 1, '1*2': 1, '1*0*2': 1, 5: 0, '0*5': 0, '0*3': 0}",-9.921000000000003,2,0.0
82,"{3: 1, 4: 1, '3*4': 1, 0: 1, 2: 1, '0*2': 1, 1: 1, '1*2': 1, '1*0*2': 0, 5: 0, '0*5': 0, '0*3': 1}",-9.921000000000003,2,0.0
83,"{3: 1, 4: 1, '3*4': 1, 0: 1, 2: 1, '0*2': 1, 1: 1, '1*2': 1, '1*0*2': 1, 5: 1, '0*5': 1, '0*3': 0}",-9.921,1,0.0
84,"{3: 0, 4: 1, '3*4': 0, 0: 1, 2: 1, '0*2': 1, 1: 1, '1*2': 1, '1*0*2': 0, 5: 1, '0*5': 1, '0*3': 0}",-9.921000000000006,3,0.0
85,"{3: 0, 4: 1, '3*4': 0, 0: 1, 2: 1, '0*2': 1, 1: 0, '1*2': 1, '1*0*2': 0, 5: 1, '0*5': 1, '0*3': 0}",-9.921000000000006,6,0.0
86,"{3: 0, 4: 1, '3*4': 0, 0: 1, 2: 1, '0*2': 1, 1: 0, '1*2': 0, '1*0*2': 0, 5: 1, '0*5': 0, '0*3': 0}",-9.871000000000006,5,0.0
87,"{3: 0, 4: 1, '3*4': 0, 0: 1, 2: 1, '0*2': 1, 1: 1, '1*2': 1, '1*0*2': 1, 5: 1, '0*5': 0, '0*3': 0}",-9.871000000000006,3,0.0
88,"{3: 1, 4: 0, '3*4': 1, 0: 1, 2: 1, '0*2': 0, 1: 1, '1*2': 1, '1*0*2': 0, 5: 0, '0*5': 0, '0*3': 1}",-8.196000000000009,1,0.0
89,"{3: 1, 4: 1, '3*4': 1, 0: 1, 2: 1, '0*2': 0, 1: 1, '1*2': 1, '1*0*2': 0, 5: 1, '0*5': 1, '0*3': 0}",-8.171000000000006,1,0.0
90,"{3: 1, 4: 0, '3*4': 0, 0: 1, 2: 1, '0*2': 1, 1: 0, '1*2': 0, '1*0*2': 0, 5: 1, '0*5': 0, '0*3': 1}",-8.096000000000004,2,0.0
91,"{3: 1, 4: 0, '3*4': 0, 0: 1, 2: 1, '0*2': 1, 1: 0, '1*2': 1, '1*0*2': 0, 5: 0, '0*5': 0, '0*3': 1}",-8.096000000000004,1,0.0
92,"{3: 1, 4: 0, '3*4': 0, 0: 1, 2: 1, '0*2': 1, 1: 0, '1*2': 0, '1*0*2': 0, 5: 0, '0*5': 0, '0*3': 0}",-8.096000000000004,2,0.0
93,"{3: 1, 4: 0, '3*4': 0, 0: 1, 2: 0, '0*2': 0, 1: 0, '1*2': 0, '1*0*2': 0, 5: 0, '0*5': 0, '0*3': 0}",-8.096000000000004,1,0.0
94,"{3: 1, 4: 0, '3*4': 0, 0: 1, 2: 0, '0*2': 1, 1: 0, '1*2': 0, '1*0*2': 0, 5: 0, '0*5': 0, '0*3': 1}",-8.096000000000004,2,0.0
95,"{3: 1, 4: 0, '3*4': 0, 0: 1, 2: 0, '0*2': 0, 1: 0, '1*2': 0, '1*0*2': 0, 5: 1, '0*5': 1, '0*3': 0}",-8.096000000000004,2,0.0
96,"{3: 1, 4: 0, '3*4': 0, 0: 1, 2: 1, '0*2': 1, 1: 0, '1*2': 0, '1*0*2': 1, 5: 0, '0*5': 0, '0*3': 1}",-8.096000000000004,2,0.0
97,"{3: 1, 4: 1, '3*4': 1, 0: 1, 2: 0, '0*2': 1, 1: 0, '1*2': 0, '1*0*2': 0, 5: 1, '0*5': 1, '0*3': 1}",-8.096000000000004,2,0.0
98,"{3: 1, 4: 0, '3*4': 0, 0: 1, 2: 1, '0*2': 0, 1: 0, '1*2': 0, '1*0*2': 0, 5: 0, '0*5': 0, '0*3': 1}",-8.096000000000004,1,0.0
99,"{3: 1, 4: 1, '3*4': 1, 0: 1, 2: 0, '0*2': 0, 1: 0, '1*2': 0, '1*0*2': 0, 5: 1, '0*5': 0, '0*3': 1}",-8.096000000000004,1,0.0
100,"{3: 0, 4: 0, '3*4': 0, 0: 1, 2: 0, '0*2': 0, 1: 0, '1*2': 0, '1*0*2': 0, 5: 0, '0*5': 1, '0*3': 0}",-8.021000000000004,1,0.0
101,"{3: 1, 4: 0, '3*4': 0, 0: 1, 2: 0, '0*2': 0, 1: 1, '1*2': 1, '1*0*2': 0, 5: 0, '0*5': 0, '0*3': 1}",-8.021000000000004,1,0.0
102,"{3: 0, 4: 0, '3*4': 0, 0: 1, 2: 0, '0*2': 0, 1: 1, '1*2': 0, '1*0*2': 0, 5: 0, '0*5': 1, '0*3': 0}",-8.021,1,0.0
103,"{3: 0, 4: 0, '3*4': 0, 0: 1, 2: 1, '0*2': 1, 1: 1, '1*2': 0, '1*0*2': 1, 5: 0, '0*5': 0, '0*3': 0}",-8.021,1,0.0
104,"{3: 0, 4: 0, '3*4': 0, 0: 1, 2: 1, '0*2': 1, 1: 0, '1*2': 0, '1*0*2': 0, 5: 0, '0*5': 0, '0*3': 1}",-8.021000000000004,2,0.0
105,"{3: 0, 4: 0, '3*4': 0, 0: 1, 2: 0, '0*2': 1, 1: 0, '1*2': 0, '1*0*2': 0, 5: 0, '0*5': 0, '0*3': 0}",-8.021000000000004,3,0.0
106,"{3: 1, 4: 1, '3*4': 1, 0: 1, 2: 1, '0*2': 1, 1: 0, '1*2': 0, '1*0*2': 0, 5: 1, '0*5': 0, '0*3': 1}",-8.021000000000004,1,0.0
107,"{3: 0, 4: 0, '3*4': 0, 0: 1, 2: 0, '0*2': 0, 1: 1, '1*2': 0, '1*0*2': 0, 5: 1, '0*5': 0, '0*3': 0}",-8.021,2,0.0
108,"{3: 0, 4: 0, '3*4': 0, 0: 1, 2: 1, '0*2': 1, 1: 0, '1*2': 0, '1*0*2': 0, 5: 1, '0*5': 0, '0*3': 0}",-8.021000000000004,1,0.0
109,"{3: 1, 4: 0, '3*4': 0, 0: 1, 2: 0, '0*2': 0, 1: 1, '1*2': 0, '1*0*2': 1, 5: 0, '0*5': 0, '0*3': 1}",-8.021000000000004,3,0.0
110,"{3: 1, 4: 1, '3*4': 1, 0: 1, 2: 0, '0*2': 0, 1: 1, '1*2': 0, '1*0*2': 0, 5: 1, '0*5': 0, '0*3': 1}",-8.021000000000004,1,0.0
111,"{3: 0, 4: 0, '3*4': 0, 0: 1, 2: 1, '0*2': 1, 1: 0, '1*2': 0, '1*0*2': 1, 5: 0, '0*5': 0, '0*3': 0}",-8.021000000000004,3,0.0
112,"{3: 1, 4: 0, '3*4': 0, 0: 1, 2: 1, '0*2': 1, 1: 1, '1*2': 0, '1*0*2': 1, 5: 0, '0*5': 0, '0*3': 1}",-8.021000000000004,3,0.0
113,"{3: 0, 4: 0, '3*4': 0, 0: 1, 2: 0, '0*2': 0, 1: 1, '1*2': 0, '1*0*2': 1, 5: 0, '0*5': 0, '0*3': 0}",-8.021,2,0.0
114,"{3: 0, 4: 0, '3*4': 0, 0: 1, 2: 1, '0*2': 1, 1: 1, '1*2': 1, '1*0*2': 1, 5: 1, '0*5': 0, '0*3': 0}",-8.021,1,0.0
115,"{3: 1, 4: 1, '3*4': 1, 0: 1, 2: 1, '0*2': 1, 1: 0, '1*2': 0, '1*0*2': 0, 5: 0, '0*5': 1, '0*3': 1}",-8.021000000000004,1,0.0
116,"{3: 0, 4: 0, '3*4': 0, 0: 1, 2: 1, '0*2': 1, 1: 0, '1*2': 1, '1*0*2': 0, 5: 0, '0*5': 0, '0*3': 0}",-8.021000000000004,7,0.0
117,"{3: 1, 4: 0, '3*4': 0, 0: 1, 2: 1, '0*2': 1, 1: 1, '1*2': 1, '1*0*2': 1, 5: 0, '0*5': 1, '0*3': 1}",-8.021000000000004,1,0.0
118,"{3: 1, 4: 1, '3*4': 1, 0: 1, 2: 0, '0*2': 0, 1: 1, '1*2': 0, '1*0*2': 0, 5: 0, '0*5': 1, '0*3': 1}",-8.021000000000004,2,0.0
119,"{3: 1, 4: 1, '3*4': 1, 0: 1, 2: 1, '0*2': 0, 1: 0, '1*2': 0, '1*0*2': 0, 5: 1, '0*5': 1, '0*3': 1}",-8.021,1,0.0
120,"{3: 0, 4: 0, '3*4': 0, 0: 1, 2: 0, '0*2': 0, 1: 1, '1*2': 1, '1*0*2': 0, 5: 0, '0*5': 0, '0*3': 0}",-8.021,1,0.0
121,"{3: 1, 4: 0, '3*4': 0, 0: 1, 2: 1, '0*2': 1, 1: 1, '1*2': 1, '1*0*2': 0, 5: 0, '0*5': 0, '0*3': 1}",-8.021000000000004,2,0.0
122,"{3: 0, 4: 1, '3*4': 0, 0: 1, 2: 0, '0*2': 0, 1: 1, '1*2': 1, '1*0*2': 0, 5: 0, '0*5': 0, '0*3': 0}",-8.021,2,0.0
123,"{3: 0, 4: 1, '3*4': 0, 0: 1, 2: 1, '0*2': 1, 1: 1, '1*2': 1, '1*0*2': 0, 5: 0, '0*5': 0, '0*3': 0}",-7.946000000000005,2,0.0
124,"{3: 0, 4: 1, '3*4': 0, 0: 1, 2: 0, '0*2': 1, 1: 0, '1*2': 0, '1*0*2': 0, 5: 1, '0*5': 1, '0*3': 0}",-7.946000000000005,4,0.0
125,"{3: 0, 4: 1, '3*4': 0, 0: 1, 2: 1, '0*2': 1, 1: 0, '1*2': 0, '1*0*2': 1, 5: 0, '0*5': 0, '0*3': 0}",-7.946000000000005,2,0.0
126,"{3: 0, 4: 1, '3*4': 0, 0: 1, 2: 1, '0*2': 1, 1: 1, '1*2': 0, '1*0*2': 1, 5: 0, '0*5': 0, '0*3': 0}",-7.946000000000005,2,0.0
127,"{3: 0, 4: 1, '3*4': 0, 0: 1, 2: 0, '0*2': 0, 1: 0, '1*2': 0, '1*0*2': 0, 5: 1, '0*5': 1, '0*3': 1}",-7.946000000000005,1,0.0
128,"{3: 0, 4: 1, '3*4': 0, 0: 1, 2: 1, '0*2': 1, 1: 0, '1*2': 1, '1*0*2': 0, 5: 0, '0*5': 0, '0*3': 0}",-7.946000000000005,3,0.0
129,"{3: 1, 4: 1, '3*4': 1, 0: 1, 2: 1, '0*2': 1, 1: 1, '1*2': 1, '1*0*2': 1, 5: 1, '0*5': 0, '0*3': 1}",-7.871000000000002,1,0.0
130,"{3: 0, 4: 1, '3*4': 0, 0: 1, 2: 1, '0*2': 1, 1: 0, '1*2': 0, '1*0*2': 0, 5: 1, '0*5': 1, '0*3': 1}",-7.871000000000006,1,0.0
131,"{3: 1, 4: 1, '3*4': 1, 0: 1, 2: 1, '0*2': 1, 1: 1, '1*2': 1, '1*0*2': 1, 5: 0, '0*5': 1, '0*3': 1}",-7.871000000000002,2,0.0
132,"{3: 1, 4: 0, '3*4': 0, 0: 0, 2: 1, '0*2': 0, 1: 1, '1*2': 1, '1*0*2': 0, 5: 0, '0*5': 0, '0*3': 0}",-6.300000000000004,1,0.0
133,"{3: 0, 4: 1, '3*4': 0, 0: 0, 2: 0, '0*2': 0, 1: 1, '1*2': 0, '1*0*2': 0, 5: 0, '0*5': 0, '0*3': 0}",-6.250000000000001,4,0.0
134,"{3: 0, 4: 0, '3*4': 0, 0: 0, 2: 0, '0*2': 0, 1: 1, '1*2': 0, '1*0*2': 0, 5: 0, '0*5': 0, '0*3': 0}",-6.200000000000001,1,0.0
135,"{3: 0, 4: 0, '3*4': 0, 0: 0, 2: 1, '0*2': 0, 1: 1, '1*2': 1, '1*0*2': 0, 5: 1, '0*5': 0, '0*3': 0}",-6.200000000000001,1,0.0
136,"{3: 1, 4: 0, '3*4': 1, 0: 1, 2: 1, '0*2': 1, 1: 1, '1*2': 1, '1*0*2': 0, 5: 1, '0*5': 1, '0*3': 1}",-6.17100000000001,1,0.0
137,"{3: 1, 4: 1, '3*4': 1, 0: 1, 2: 1, '0*2': 0, 1: 1, '1*2': 1, '1*0*2': 0, 5: 1, '0*5': 0, '0*3': 1}",-6.121000000000006,1,0.0
138,"{3: 0, 4: 1, '3*4': 0, 0: 1, 2: 1, '0*2': 0, 1: 1, '1*2': 1, '1*0*2': 0, 5: 1, '0*5': 0, '0*3': 0}",-6.071000000000005,1,0.0
139,"{3: 1, 4: 0, '3*4': 0, 0: 1, 2: 1, '0*2': 1, 1: 0, '1*2': 0, '1*0*2': 1, 5: 1, '0*5': 1, '0*3': 1}",-6.0460000000000065,1,0.0
140,"{3: 0, 4: 1, '3*4': 0, 0: 1, 2: 0, '0*2': 0, 1: 1, '1*2': 0, '1*0*2': 0, 5: 0, '0*5': 1, '0*3': 0}",-6.021000000000001,1,0.0
141,"{3: 0, 4: 0, '3*4': 0, 0: 1, 2: 0, '0*2': 0, 1: 1, '1*2': 0, '1*0*2': 0, 5: 0, '0*5': 0, '0*3': 1}",-5.971,2,0.0
142,"{3: 0, 4: 0, '3*4': 0, 0: 1, 2: 1, '0*2': 1, 1: 1, '1*2': 0, '1*0*2': 1, 5: 1, '0*5': 1, '0*3': 0}",-5.971000000000004,1,0.0
143,"{3: 1, 4: 0, '3*4': 0, 0: 1, 2: 0, '0*2': 0, 1: 1, '1*2': 0, '1*0*2': 1, 5: 1, '0*5': 1, '0*3': 1}",-5.971,1,0.0
144,"{3: 0, 4: 1, '3*4': 0, 0: 1, 2: 0, '0*2': 0, 1: 1, '1*2': 0, '1*0*2': 0, 5: 0, '0*5': 0, '0*3': 1}",-5.971,1,0.0
145,"{3: 0, 4: 0, '3*4': 0, 0: 1, 2: 1, '0*2': 1, 1: 1, '1*2': 1, '1*0*2': 1, 5: 1, '0*5': 1, '0*3': 1}",-5.971,1,0.0
146,"{3: 1, 4: 0, '3*4': 0, 0: 1, 2: 1, '0*2': 1, 1: 1, '1*2': 0, '1*0*2': 1, 5: 1, '0*5': 1, '0*3': 1}",-5.971,1,0.0
147,"{3: 0, 4: 0, '3*4': 0, 0: 1, 2: 1, '0*2': 0, 1: 0, '1*2': 0, '1*0*2': 0, 5: 1, '0*5': 1, '0*3': 0}",-5.971000000000004,1,0.0
148,"{3: 0, 4: 0, '3*4': 0, 0: 1, 2: 0, '0*2': 0, 1: 1, '1*2': 0, '1*0*2': 1, 5: 1, '0*5': 1, '0*3': 0}",-5.971000000000004,2,0.0
149,"{3: 0, 4: 1, '3*4': 0, 0: 1, 2: 0, '0*2': 0, 1: 1, '1*2': 0, '1*0*2': 0, 5: 1, '0*5': 1, '0*3': 1}",-5.896000000000001,2,0.0
150,"{3: 0, 4: 1, '3*4': 0, 0: 1, 2: 0, '0*2': 0, 1: 1, '1*2': 0, '1*0*2': 1, 5: 1, '0*5': 1, '0*3': 0}",-5.896000000000001,1,0.0
151,"{3: 0, 4: 1, '3*4': 0, 0: 1, 2: 1, '0*2': 1, 1: 1, '1*2': 1, '1*0*2': 1, 5: 0, '0*5': 0, '0*3': 1}",-5.896000000000004,1,0.0
152,"{3: 0, 4: 1, '3*4': 0, 0: 1, 2: 1, '0*2': 1, 1: 1, '1*2': 0, '1*0*2': 1, 5: 1, '0*5': 1, '0*3': 0}",-5.821000000000005,2,0.0
153,"{3: 0, 4: 1, '3*4': 0, 0: 1, 2: 1, '0*2': 1, 1: 1, '1*2': 1, '1*0*2': 1, 5: 1, '0*5': 1, '0*3': 1}",-5.821000000000005,2,0.0
154,"{3: 0, 4: 1, '3*4': 0, 0: 1, 2: 1, '0*2': 1, 1: 0, '1*2': 0, '1*0*2': 1, 5: 1, '0*5': 1, '0*3': 0}",-5.821000000000005,1,0.0
155,"{3: 0, 4: 1, '3*4': 1, 0: 1, 2: 0, '0*2': 0, 1: 0, '1*2': 0, '1*0*2': 0, 5: 0, '0*5': 0, '0*3': 0}",-12.071000000000005,1,0.08333333333333333
156,"{3: 0, 4: 1, '3*4': 1, 0: 0, 2: 1, '0*2': 0, 1: 1, '1*2': 1, '1*0*2': 0, 5: 0, '0*5': 0, '0*3': 0}",-4.300000000000004,1,0.0
157,"{3: 0, 4: 1, '3*4': 0, 0: 1, 2: 1, '0*2': 0, 1: 1, '1*2': 0, '1*0*2': 0, 5: 0, '0*5': 0, '0*3': 0}",-4.146000000000004,1,0.0
158,"{3: 0, 4: 1, '3*4': 0, 0: 1, 2: 1, '0*2': 0, 1: 1, '1*2': 1, '1*0*2': 1, 5: 0, '0*5': 0, '0*3': 0}",-4.146000000000004,1,0.0
159,"{3: 0, 4: 1, '3*4': 0, 0: 0, 2: 0, '0*2': 0, 1: 1, '1*2': 0, '1*0*2': 0, 5: 1, '0*5': 0, '0*3': 0}",-4.075000000000001,2,0.0
160,"{3: 0, 4: 0, '3*4': 0, 0: 1, 2: 0, '0*2': 1, 1: 1, '1*2': 0, '1*0*2': 1, 5: 0, '0*5': 0, '0*3': 0}",-3.871000000000002,1,0.0
161,"{3: 1, 4: 1, '3*4': 1, 0: 1, 2: 0, '0*2': 0, 1: 1, '1*2': 1, '1*0*2': 0, 5: 1, '0*5': 1, '0*3': 1}",-12.046000000000003,1,0.08333333333333333
162,"{3: 1, 4: 0, '3*4': 1, 0: 1, 2: 0, '0*2': 0, 1: 1, '1*2': 0, '1*0*2': 0, 5: 0, '0*5': 0, '0*3': 1}",-12.071000000000002,1,0.08333333333333333
163,"{3: 0, 4: 1, '3*4': 0, 0: 1, 2: 0, '0*2': 0, 1: 1, '1*2': 1, '1*0*2': 0, 5: 1, '0*5': 1, '0*3': 0}",-9.996000000000002,1,0.08333333333333333
164,"{3: 0, 4: 1, '3*4': 0, 0: 0, 2: 1, '0*2': 0, 1: 1, '1*2': 0, '1*0*2': 0, 5: 0, '0*5': 0, '0*3': 0}",-2.325000000000001,1,0.0
165,"{3: 1, 4: 0, '3*4': 1, 0: 1, 2: 0, '0*2': 0, 1: 0, '1*2': 0, '1*0*2': 0, 5: 1, '0*5': 1, '0*3': 0}",-2.2210000000000036,1,0.0
166,"{3: 1, 4: 0, '3*4': 0, 0: 0, 2: 0, '0*2': 0, 1: 1, '1*2': 0, '1*0*2': 0, 5: 0, '0*5': 0, '0*3': 0}",-2.200000000000001,1,0.0
167,"{3: 0, 4: 0, '3*4': 0, 0: 1, 2: 1, '0*2': 0, 1: 1, '1*2': 0, '1*0*2': 0, 5: 0, '0*5': 0, '0*3': 0}",-2.1710000000000047,1,0.0
168,"{3: 1, 4: 1, '3*4': 1, 0: 0, 2: 1, '0*2': 0, 1: 1, '1*2': 1, '1*0*2': 0, 5: 1, '0*5': 0, '0*3': 0}",-2.1499999999999995,1,0.0
169,"{3: 1, 4: 0, '3*4': 0, 0: 1, 2: 1, '0*2': 1, 1: 1, '1*2': 1, '1*0*2': 0, 5: 1, '0*5': 1, '0*3': 0}",-2.1210000000000093,1,0.0
170,"{3: 0, 4: 1, '3*4': 1, 0: 1, 2: 1, '0*2': 0, 1: 1, '1*2': 1, '1*0*2': 0, 5: 0, '0*5': 1, '0*3': 0}",-0.17100000000000648,1,0.0
171,"{3: 0, 4: 0, '3*4': 0, 0: 1, 2: 1, '0*2': 1, 1: 1, '1*2': 1, '1*0*2': 0, 5: 1, '0*5': 0, '0*3': 0}",-0.07100000000000062,1,0.0
172,"{3: 0, 4: 1, '3*4': 0, 0: 0, 2: 0, '0*2': 0, 1: 0, '1*2': 0, '1*0*2': 0, 5: 0, '0*5': 0, '0*3': 0}",-0.05,1,0.0
173,"{3: 0, 4: 0, '3*4': 0, 0: 0, 2: 0, '0*2': 0, 1: 0, '1*2': 0, '1*0*2': 0, 5: 0, '0*5': 0, '0*3': 0}",0.0,1,0.0
174,"{3: 1, 4: 1, '3*4': 1, 0: 1, 2: 1, '0*2': 1, 1: 1, '1*2': 1, '1*0*2': 1, 5: 0, '0*5': 1, '0*3': 0}",0.07899999999999707,1,0.0
175,"{3: 0, 4: 0, '3*4': 0, 0: 1, 2: 1, '0*2': 0, 1: 0, '1*2': 1, '1*0*2': 0, 5: 0, '0*5': 0, '0*3': 0}",1.9789999999999957,1,0.0
176,"{3: 0, 4: 1, '3*4': 0, 0: 0, 2: 0, '0*2': 0, 1: 0, '1*2': 0, '1*0*2': 0, 5: 1, '0*5': 0, '0*3': 0}",2.125,2,0.0
177,"{3: 0, 4: 1, '3*4': 0, 0: 1, 2: 1, '0*2': 1, 1: 1, '1*2': 0, '1*0*2': 0, 5: 1, '0*5': 1, '0*3': 0}",2.1289999999999907,1,0.0
178,"{3: 1, 4: 0, '3*4': 0, 0: 1, 2: 0, '0*2': 0, 1: 1, '1*2': 0, '1*0*2': 0, 5: 1, '0*5': 0, '0*3': 1}",-8.021000000000004,1,0.08333333333333333
